<?xml version="1.0" encoding="UTF-8"?>
<!DOCTYPE mapper PUBLIC "-//mybatis.org//DTD Mapper 3.0//EN" "http://mybatis.org/dtd/mybatis-3-mapper.dtd">
<mapper namespace="com.cui.auth.infra.basic.mapper.AuthUserRoleDao">

    <resultMap type="com.cui.auth.infra.basic.entity.AuthUserRole" id="AuthUserRoleMap">
        <result property="id" column="id" jdbcType="INTEGER"/>
        <result property="userId" column="user_id" jdbcType="INTEGER"/>
        <result property="roleId" column="role_id" jdbcType="INTEGER"/>
        <result property="createdBy" column="created_by" jdbcType="VARCHAR"/>
        <result property="createdTime" column="created_time" jdbcType="TIMESTAMP"/>
        <result property="updateBy" column="update_by" jdbcType="VARCHAR"/>
        <result property="updateTime" column="update_time" jdbcType="TIMESTAMP"/>
        <result property="isDeleted" column="is_deleted" jdbcType="INTEGER"/>
    </resultMap>

    <!--查询单个-->
    <select id="queryById" resultMap="AuthUserRoleMap">
        select
          id, user_id, role_id, created_by, created_time, update_by, update_time, is_deleted
        from auth_user_role
        where id = #{id}
    </select>

    <!--查询指定行数据-->
    <select id="queryAllByLimit" resultMap="AuthUserRoleMap">
        select
          id, user_id, role_id, created_by, created_time, update_by, update_time, is_deleted
        from auth_user_role
        <where>
            <if test="id != null">
                and id = #{id}
            </if>
            <if test="userId != null">
                and user_id = #{userId}
            </if>
            <if test="roleId != null">
                and role_id = #{roleId}
            </if>
            <if test="createdBy != null and createdBy != ''">
                and created_by = #{createdBy}
            </if>
            <if test="createdTime != null">
                and created_time = #{createdTime}
            </if>
            <if test="updateBy != null and updateBy != ''">
                and update_by = #{updateBy}
            </if>
            <if test="updateTime != null">
                and update_time = #{updateTime}
            </if>
            <if test="isDeleted != null">
                and is_deleted = #{isDeleted}
            </if>
        </where>
    </select>

    <!--统计总行数-->
    <select id="count" resultType="java.lang.Long">
        select count(1)
        from auth_user_role
        <where>
            <if test="id != null">
                and id = #{id}
            </if>
            <if test="userId != null">
                and user_id = #{userId}
            </if>
            <if test="roleId != null">
                and role_id = #{roleId}
            </if>
            <if test="createdBy != null and createdBy != ''">
                and created_by = #{createdBy}
            </if>
            <if test="createdTime != null">
                and created_time = #{createdTime}
            </if>
            <if test="updateBy != null and updateBy != ''">
                and update_by = #{updateBy}
            </if>
            <if test="updateTime != null">
                and update_time = #{updateTime}
            </if>
            <if test="isDeleted != null">
                and is_deleted = #{isDeleted}
            </if>
        </where>
    </select>

    <!--新增所有列-->
    <insert id="insert" keyProperty="id" useGeneratedKeys="true">
        insert into auth_user_role(user_id, role_id, created_by, created_time, update_by, update_time, is_deleted)
        values (#{userId}, #{roleId}, #{createdBy}, #{createdTime}, #{updateBy}, #{updateTime}, #{isDeleted})
    </insert>

    <insert id="insertBatch" keyProperty="id" useGeneratedKeys="true">
        insert into auth_user_role(user_id, role_id, created_by, created_time, update_by, update_time, is_deleted)
        values
        <foreach collection="entities" item="entity" separator=",">
        (#{entity.userId}, #{entity.roleId}, #{entity.createdBy}, #{entity.createdTime}, #{entity.updateBy}, #{entity.updateTime}, #{entity.isDeleted})
        </foreach>
    </insert>

    <insert id="insertOrUpdateBatch" keyProperty="id" useGeneratedKeys="true">
        insert into auth_user_role(user_id, role_id, created_by, created_time, update_by, update_time, is_deleted)
        values
        <foreach collection="entities" item="entity" separator=",">
            (#{entity.userId}, #{entity.roleId}, #{entity.createdBy}, #{entity.createdTime}, #{entity.updateBy}, #{entity.updateTime}, #{entity.isDeleted})
        </foreach>
        on duplicate key update
        user_id = values(user_id),
        role_id = values(role_id),
        created_by = values(created_by),
        created_time = values(created_time),
        update_by = values(update_by),
        update_time = values(update_time),
        is_deleted = values(is_deleted)
    </insert>

    <!--通过主键修改数据-->
    <update id="update">
        update auth_user_role
        <set>
            <if test="userId != null">
                user_id = #{userId},
            </if>
            <if test="roleId != null">
                role_id = #{roleId},
            </if>
            <if test="createdBy != null and createdBy != ''">
                created_by = #{createdBy},
            </if>
            <if test="createdTime != null">
                created_time = #{createdTime},
            </if>
            <if test="updateBy != null and updateBy != ''">
                update_by = #{updateBy},
            </if>
            <if test="updateTime != null">
                update_time = #{updateTime},
            </if>
            <if test="isDeleted != null">
                is_deleted = #{isDeleted},
            </if>
        </set>
        where id = #{id}
    </update>

    <!--通过主键删除-->
    <delete id="deleteById">
        delete from auth_user_role where id = #{id}
    </delete>

</mapper>

