<?xml version="1.0" encoding="UTF-8"?>
<!DOCTYPE mapper PUBLIC "-//mybatis.org//DTD Mapper 3.0//EN" "http://mybatis.org/dtd/mybatis-3-mapper.dtd">
<mapper namespace="com.cui.subject.infra.basic.mapper.SubjectLabelDao">

    <resultMap type="com.cui.subject.infra.basic.entity.SubjectLabel" id="SubjectLabelMap">
        <result property="id" column="id" jdbcType="INTEGER"/>
        <result property="labelName" column="label_name" jdbcType="VARCHAR"/>
        <result property="sortNum" column="sort_num" jdbcType="INTEGER"/>
        <result property="categoryId" column="category_id" jdbcType="INTEGER"/>
        <result property="createdBy" column="created_by" jdbcType="VARCHAR"/>
        <result property="createdTime" column="created_time" jdbcType="TIMESTAMP"/>
        <result property="updateBy" column="update_by" jdbcType="VARCHAR"/>
        <result property="isDeleted" column="is_deleted" jdbcType="INTEGER"/>
        <result property="updateTime" column="update_time" jdbcType="TIMESTAMP"/>
    </resultMap>

    <!--查询单个-->
    <select id="queryById" resultMap="SubjectLabelMap">
        select id,
               label_name,
               category_id,
               sort_num,
               created_by,
               created_time,
               update_by,
               is_deleted,
               update_time
        from subject_label
        where id = #{id}
    </select>

    <!--查询指定行数据-->
    <select id="queryByCondition" resultMap="SubjectLabelMap">
        select
        id, label_name, sort_num, created_by, created_time, update_by, is_deleted, update_time
        from subject_label
        <where>
            <if test="id != null">
                and id = #{id}
            </if>
            <if test="labelName != null and labelName != ''">
                and label_name = #{labelName}
            </if>
            <if test="categoryId != null">
                and category_id = #{categoryId}
            </if>
            <if test="sortNum != null">
                and sort_num = #{sortNum}
            </if>
            <if test="createdBy != null and createdBy != ''">
                and created_by = #{createdBy}
            </if>
            <if test="createdTime != null">
                and created_time = #{createdTime}
            </if>
            <if test="updateBy != null and updateBy != ''">
                and update_by = #{updateBy}
            </if>
            <if test="isDeleted != null">
                and is_deleted = #{isDeleted}
            </if>
            <if test="updateTime != null">
                and update_time = #{updateTime}
            </if>
        </where>
    </select>

    <!--统计总行数-->
    <select id="count" resultType="java.lang.Long">
        select count(1)
        from subject_label
        <where>
            <if test="id != null">
                and id = #{id}
            </if>
            <if test="labelName != null and labelName != ''">
                and label_name = #{labelName}
            </if>
            <if test="sortNum != null">
                and sort_num = #{sortNum}
            </if>
            <if test="categoryId != null">
                and category_id = #{categoryId}
            </if>
            <if test="createdBy != null and createdBy != ''">
                and created_by = #{createdBy}
            </if>
            <if test="createdTime != null">
                and created_time = #{createdTime}
            </if>
            <if test="updateBy != null and updateBy != ''">
                and update_by = #{updateBy}
            </if>
            <if test="isDeleted != null">
                and is_deleted = #{isDeleted}
            </if>
            <if test="updateTime != null">
                and update_time = #{updateTime}
            </if>
        </where>
    </select>

    <select id="batchQueryById" resultMap="SubjectLabelMap">
        select
        id, label_name, sort_num,category_id, created_by, created_time, update_by, is_deleted, update_time
        from subject_label
        where id in
        <foreach open="(" close=")" collection="list" item="id" separator=",">
            #{id}
        </foreach>
    </select>

    <!--新增所有列-->
    <insert id="insert" keyProperty="id" useGeneratedKeys="true">
        insert into subject_label(label_name, sort_num, category_id, created_by, created_time, update_by, is_deleted,
                                  update_time)
        values (#{labelName}, #{sortNum}, #{categoryId}, #{createdBy}, #{createdTime}, #{updateBy}, #{isDeleted},
                #{updateTime})
    </insert>

    <insert id="insertBatch" keyProperty="id" useGeneratedKeys="true">
        insert into subject_label(label_name, sort_num,category_id created_by, created_time, update_by, is_deleted,
        update_time)
        values
        <foreach collection="entities" item="entity" separator=",">
            (#{entity.labelName}, #{entity.sortNum},#{entity.categoryId}, #{entity.createdBy}, #{entity.createdTime},
            #{entity.updateBy},
            #{entity.isDeleted}, #{entity.updateTime})
        </foreach>
    </insert>

    <insert id="insertOrUpdateBatch" keyProperty="id" useGeneratedKeys="true">
        insert into subject_label(label_name, sort_num,category_id, created_by, created_time, update_by, is_deleted,
        update_time)
        values
        <foreach collection="entities" item="entity" separator=",">
            (#{entity.labelName}, #{entity.sortNum},#{entity.categoryId}, #{entity.createdBy}, #{entity.createdTime},
            #{entity.updateBy},
            #{entity.isDeleted}, #{entity.updateTime})
        </foreach>
        on duplicate key update
        label_name = values(label_name),
        sort_num = values(sort_num),
        category_id = values(category_id),
        created_by = values(created_by),
        created_time = values(created_time),
        update_by = values(update_by),
        is_deleted = values(is_deleted),
        update_time = values(update_time)
    </insert>

    <!--通过主键修改数据-->
    <update id="update">
        update subject_label
        <set>
            <if test="labelName != null and labelName != ''">
                label_name = #{labelName},
            </if>
            <if test="sortNum != null">
                sort_num = #{sortNum},
            </if>
            <if test="categoryId != null">
                category_id = #{categoryId},
            </if>
            <if test="createdBy != null and createdBy != ''">
                created_by = #{createdBy},
            </if>
            <if test="createdTime != null">
                created_time = #{createdTime},
            </if>
            <if test="updateBy != null and updateBy != ''">
                update_by = #{updateBy},
            </if>
            <if test="isDeleted != null">
                is_deleted = #{isDeleted},
            </if>
            <if test="updateTime != null">
                update_time = #{updateTime},
            </if>
        </set>
        where id = #{id}
    </update>

    <!--通过主键删除-->
    <delete id="deleteById">
        delete
        from subject_label
        where id = #{id}
    </delete>

</mapper>

